--
-- PostgreSQL database dump
--

-- Dumped from database version 14.3
-- Dumped by pg_dump version 14.3

-- Started on 2023-06-21 12:53:19

SET statement_timeout = 0;
SET lock_timeout = 0;
SET idle_in_transaction_session_timeout = 0;
SET client_encoding = 'UTF8';
SET standard_conforming_strings = on;
SELECT pg_catalog.set_config('search_path', '', false);
SET check_function_bodies = false;
SET xmloption = content;
SET client_min_messages = warning;
SET row_security = off;

DROP DATABASE inscripciones;
--
-- TOC entry 3706 (class 1262 OID 16406)
-- Name: inscripciones; Type: DATABASE; Schema: -; Owner: -
--

CREATE DATABASE inscripciones WITH TEMPLATE = template0 ENCODING = 'UTF8' LOCALE = 'Spanish_Argentina.1252';


\connect inscripciones

SET statement_timeout = 0;
SET lock_timeout = 0;
SET idle_in_transaction_session_timeout = 0;
SET client_encoding = 'UTF8';
SET standard_conforming_strings = on;
SELECT pg_catalog.set_config('search_path', '', false);
SET check_function_bodies = false;
SET xmloption = content;
SET client_min_messages = warning;
SET row_security = off;

--
-- TOC entry 8 (class 2615 OID 101583)
-- Name: siscond; Type: SCHEMA; Schema: -; Owner: -
--

CREATE SCHEMA siscond;


SET default_table_access_method = heap;

--
-- TOC entry 308 (class 1259 OID 101607)
-- Name: auth_group; Type: TABLE; Schema: siscond; Owner: -
--

CREATE TABLE siscond.auth_group (
    id integer NOT NULL,
    name character varying(150) NOT NULL
);


--
-- TOC entry 307 (class 1259 OID 101606)
-- Name: auth_group_id_seq; Type: SEQUENCE; Schema: siscond; Owner: -
--

ALTER TABLE siscond.auth_group ALTER COLUMN id ADD GENERATED BY DEFAULT AS IDENTITY (
    SEQUENCE NAME siscond.auth_group_id_seq
    START WITH 1
    INCREMENT BY 1
    NO MINVALUE
    NO MAXVALUE
    CACHE 1
);


--
-- TOC entry 310 (class 1259 OID 101615)
-- Name: auth_group_permissions; Type: TABLE; Schema: siscond; Owner: -
--

CREATE TABLE siscond.auth_group_permissions (
    id bigint NOT NULL,
    group_id integer NOT NULL,
    permission_id integer NOT NULL
);


--
-- TOC entry 309 (class 1259 OID 101614)
-- Name: auth_group_permissions_id_seq; Type: SEQUENCE; Schema: siscond; Owner: -
--

ALTER TABLE siscond.auth_group_permissions ALTER COLUMN id ADD GENERATED BY DEFAULT AS IDENTITY (
    SEQUENCE NAME siscond.auth_group_permissions_id_seq
    START WITH 1
    INCREMENT BY 1
    NO MINVALUE
    NO MAXVALUE
    CACHE 1
);


--
-- TOC entry 306 (class 1259 OID 101601)
-- Name: auth_permission; Type: TABLE; Schema: siscond; Owner: -
--

CREATE TABLE siscond.auth_permission (
    id integer NOT NULL,
    name character varying(255) NOT NULL,
    content_type_id integer NOT NULL,
    codename character varying(100) NOT NULL
);


--
-- TOC entry 305 (class 1259 OID 101600)
-- Name: auth_permission_id_seq; Type: SEQUENCE; Schema: siscond; Owner: -
--

ALTER TABLE siscond.auth_permission ALTER COLUMN id ADD GENERATED BY DEFAULT AS IDENTITY (
    SEQUENCE NAME siscond.auth_permission_id_seq
    START WITH 1
    INCREMENT BY 1
    NO MINVALUE
    NO MAXVALUE
    CACHE 1
);


--
-- TOC entry 312 (class 1259 OID 101621)
-- Name: auth_user; Type: TABLE; Schema: siscond; Owner: -
--

CREATE TABLE siscond.auth_user (
    id integer NOT NULL,
    password character varying(128) NOT NULL,
    last_login timestamp with time zone,
    is_superuser boolean NOT NULL,
    username character varying(150) NOT NULL,
    first_name character varying(150) NOT NULL,
    last_name character varying(150) NOT NULL,
    email character varying(254) NOT NULL,
    is_staff boolean NOT NULL,
    is_active boolean NOT NULL,
    date_joined timestamp with time zone NOT NULL
);


--
-- TOC entry 314 (class 1259 OID 101629)
-- Name: auth_user_groups; Type: TABLE; Schema: siscond; Owner: -
--

CREATE TABLE siscond.auth_user_groups (
    id bigint NOT NULL,
    user_id integer NOT NULL,
    group_id integer NOT NULL
);


--
-- TOC entry 313 (class 1259 OID 101628)
-- Name: auth_user_groups_id_seq; Type: SEQUENCE; Schema: siscond; Owner: -
--

ALTER TABLE siscond.auth_user_groups ALTER COLUMN id ADD GENERATED BY DEFAULT AS IDENTITY (
    SEQUENCE NAME siscond.auth_user_groups_id_seq
    START WITH 1
    INCREMENT BY 1
    NO MINVALUE
    NO MAXVALUE
    CACHE 1
);


--
-- TOC entry 311 (class 1259 OID 101620)
-- Name: auth_user_id_seq; Type: SEQUENCE; Schema: siscond; Owner: -
--

ALTER TABLE siscond.auth_user ALTER COLUMN id ADD GENERATED BY DEFAULT AS IDENTITY (
    SEQUENCE NAME siscond.auth_user_id_seq
    START WITH 1
    INCREMENT BY 1
    NO MINVALUE
    NO MAXVALUE
    CACHE 1
);


--
-- TOC entry 316 (class 1259 OID 101635)
-- Name: auth_user_user_permissions; Type: TABLE; Schema: siscond; Owner: -
--

CREATE TABLE siscond.auth_user_user_permissions (
    id bigint NOT NULL,
    user_id integer NOT NULL,
    permission_id integer NOT NULL
);


--
-- TOC entry 315 (class 1259 OID 101634)
-- Name: auth_user_user_permissions_id_seq; Type: SEQUENCE; Schema: siscond; Owner: -
--

ALTER TABLE siscond.auth_user_user_permissions ALTER COLUMN id ADD GENERATED BY DEFAULT AS IDENTITY (
    SEQUENCE NAME siscond.auth_user_user_permissions_id_seq
    START WITH 1
    INCREMENT BY 1
    NO MINVALUE
    NO MAXVALUE
    CACHE 1
);


--
-- TOC entry 318 (class 1259 OID 101693)
-- Name: django_admin_log; Type: TABLE; Schema: siscond; Owner: -
--

CREATE TABLE siscond.django_admin_log (
    id integer NOT NULL,
    action_time timestamp with time zone NOT NULL,
    object_id text,
    object_repr character varying(200) NOT NULL,
    action_flag smallint NOT NULL,
    change_message text NOT NULL,
    content_type_id integer,
    user_id integer NOT NULL,
    CONSTRAINT django_admin_log_action_flag_check CHECK ((action_flag >= 0))
);


--
-- TOC entry 317 (class 1259 OID 101692)
-- Name: django_admin_log_id_seq; Type: SEQUENCE; Schema: siscond; Owner: -
--

ALTER TABLE siscond.django_admin_log ALTER COLUMN id ADD GENERATED BY DEFAULT AS IDENTITY (
    SEQUENCE NAME siscond.django_admin_log_id_seq
    START WITH 1
    INCREMENT BY 1
    NO MINVALUE
    NO MAXVALUE
    CACHE 1
);


--
-- TOC entry 304 (class 1259 OID 101593)
-- Name: django_content_type; Type: TABLE; Schema: siscond; Owner: -
--

CREATE TABLE siscond.django_content_type (
    id integer NOT NULL,
    app_label character varying(100) NOT NULL,
    model character varying(100) NOT NULL
);


--
-- TOC entry 303 (class 1259 OID 101592)
-- Name: django_content_type_id_seq; Type: SEQUENCE; Schema: siscond; Owner: -
--

ALTER TABLE siscond.django_content_type ALTER COLUMN id ADD GENERATED BY DEFAULT AS IDENTITY (
    SEQUENCE NAME siscond.django_content_type_id_seq
    START WITH 1
    INCREMENT BY 1
    NO MINVALUE
    NO MAXVALUE
    CACHE 1
);


--
-- TOC entry 302 (class 1259 OID 101585)
-- Name: django_migrations; Type: TABLE; Schema: siscond; Owner: -
--

CREATE TABLE siscond.django_migrations (
    id bigint NOT NULL,
    app character varying(255) NOT NULL,
    name character varying(255) NOT NULL,
    applied timestamp with time zone NOT NULL
);


--
-- TOC entry 301 (class 1259 OID 101584)
-- Name: django_migrations_id_seq; Type: SEQUENCE; Schema: siscond; Owner: -
--

ALTER TABLE siscond.django_migrations ALTER COLUMN id ADD GENERATED BY DEFAULT AS IDENTITY (
    SEQUENCE NAME siscond.django_migrations_id_seq
    START WITH 1
    INCREMENT BY 1
    NO MINVALUE
    NO MAXVALUE
    CACHE 1
);


--
-- TOC entry 319 (class 1259 OID 101721)
-- Name: django_session; Type: TABLE; Schema: siscond; Owner: -
--

CREATE TABLE siscond.django_session (
    session_key character varying(40) NOT NULL,
    session_data text NOT NULL,
    expire_date timestamp with time zone NOT NULL
);


--
-- TOC entry 333 (class 1259 OID 101791)
-- Name: siscon_archivopdf; Type: TABLE; Schema: siscond; Owner: -
--

CREATE TABLE siscond.siscon_archivopdf (
    id bigint NOT NULL,
    archivo character varying(100) NOT NULL,
    documentacion_id bigint NOT NULL
);


--
-- TOC entry 332 (class 1259 OID 101790)
-- Name: siscon_archivopdf_id_seq; Type: SEQUENCE; Schema: siscond; Owner: -
--

ALTER TABLE siscond.siscon_archivopdf ALTER COLUMN id ADD GENERATED BY DEFAULT AS IDENTITY (
    SEQUENCE NAME siscond.siscon_archivopdf_id_seq
    START WITH 1
    INCREMENT BY 1
    NO MINVALUE
    NO MAXVALUE
    CACHE 1
);


--
-- TOC entry 325 (class 1259 OID 101753)
-- Name: siscon_convocatoria; Type: TABLE; Schema: siscond; Owner: -
--

CREATE TABLE siscond.siscon_convocatoria (
    id bigint NOT NULL,
    idarea integer NOT NULL,
    nombre character varying(30) NOT NULL,
    descripcion character varying(200) NOT NULL,
    detalle character varying(1000) NOT NULL,
    estado integer NOT NULL,
    inicio date NOT NULL,
    finalizacion date NOT NULL,
    link_insc character varying(200),
    link_acuerdo character varying(200)
);


--
-- TOC entry 324 (class 1259 OID 101752)
-- Name: siscon_convocatoria_id_seq; Type: SEQUENCE; Schema: siscond; Owner: -
--

ALTER TABLE siscond.siscon_convocatoria ALTER COLUMN id ADD GENERATED BY DEFAULT AS IDENTITY (
    SEQUENCE NAME siscond.siscon_convocatoria_id_seq
    START WITH 1
    INCREMENT BY 1
    NO MINVALUE
    NO MAXVALUE
    CACHE 1
);


--
-- TOC entry 331 (class 1259 OID 101785)
-- Name: siscon_documentacion; Type: TABLE; Schema: siscond; Owner: -
--

CREATE TABLE siscond.siscon_documentacion (
    id bigint NOT NULL,
    fecha_ingreso timestamp with time zone,
    fecha_actualizacion timestamp with time zone,
    legajo_id bigint NOT NULL,
    persona_id bigint NOT NULL,
    archivo character varying(100) NOT NULL
);


--
-- TOC entry 330 (class 1259 OID 101784)
-- Name: siscon_documentacion_id_seq; Type: SEQUENCE; Schema: siscond; Owner: -
--

ALTER TABLE siscond.siscon_documentacion ALTER COLUMN id ADD GENERATED BY DEFAULT AS IDENTITY (
    SEQUENCE NAME siscond.siscon_documentacion_id_seq
    START WITH 1
    INCREMENT BY 1
    NO MINVALUE
    NO MAXVALUE
    CACHE 1
);


--
-- TOC entry 335 (class 1259 OID 101829)
-- Name: siscon_documentacion_tipodoc; Type: TABLE; Schema: siscond; Owner: -
--

CREATE TABLE siscond.siscon_documentacion_tipodoc (
    id bigint NOT NULL,
    documentacion_id bigint NOT NULL,
    tipodoc_id bigint NOT NULL
);


--
-- TOC entry 334 (class 1259 OID 101828)
-- Name: siscon_documentacion_tipodoc_id_seq; Type: SEQUENCE; Schema: siscond; Owner: -
--

ALTER TABLE siscond.siscon_documentacion_tipodoc ALTER COLUMN id ADD GENERATED BY DEFAULT AS IDENTITY (
    SEQUENCE NAME siscond.siscon_documentacion_tipodoc_id_seq
    START WITH 1
    INCREMENT BY 1
    NO MINVALUE
    NO MAXVALUE
    CACHE 1
);


--
-- TOC entry 323 (class 1259 OID 101739)
-- Name: siscon_inscripcion; Type: TABLE; Schema: siscond; Owner: -
--

CREATE TABLE siscond.siscon_inscripcion (
    id bigint NOT NULL,
    numero integer,
    anio integer,
    idarea integer,
    nombre character varying(30),
    base character varying(100),
    fecha_insc timestamp with time zone,
    pos integer,
    persona_id bigint NOT NULL,
    convocatoria_id bigint
);


--
-- TOC entry 322 (class 1259 OID 101738)
-- Name: siscon_inscripcion_id_seq; Type: SEQUENCE; Schema: siscond; Owner: -
--

ALTER TABLE siscond.siscon_inscripcion ALTER COLUMN id ADD GENERATED BY DEFAULT AS IDENTITY (
    SEQUENCE NAME siscond.siscon_inscripcion_id_seq
    START WITH 1
    INCREMENT BY 1
    NO MINVALUE
    NO MAXVALUE
    CACHE 1
);


--
-- TOC entry 329 (class 1259 OID 101779)
-- Name: siscon_legajo; Type: TABLE; Schema: siscond; Owner: -
--

CREATE TABLE siscond.siscon_legajo (
    id bigint NOT NULL,
    fechacreacion timestamp with time zone NOT NULL,
    fechaingreso date,
    persona_id bigint NOT NULL
);


--
-- TOC entry 328 (class 1259 OID 101778)
-- Name: siscon_legajo_id_seq; Type: SEQUENCE; Schema: siscond; Owner: -
--

ALTER TABLE siscond.siscon_legajo ALTER COLUMN id ADD GENERATED BY DEFAULT AS IDENTITY (
    SEQUENCE NAME siscond.siscon_legajo_id_seq
    START WITH 1
    INCREMENT BY 1
    NO MINVALUE
    NO MAXVALUE
    CACHE 1
);


--
-- TOC entry 321 (class 1259 OID 101731)
-- Name: siscon_persona; Type: TABLE; Schema: siscond; Owner: -
--

CREATE TABLE siscond.siscon_persona (
    id bigint NOT NULL,
    dni integer NOT NULL,
    apellidos character varying(100),
    nombres character varying(100),
    domicilio_real character varying(200),
    localidad character varying(100),
    telefono character varying(50),
    celular character varying(50),
    email character varying(100),
    fecha_nacimiento date,
    titulo character varying(300)
);


--
-- TOC entry 320 (class 1259 OID 101730)
-- Name: siscon_persona_id_seq; Type: SEQUENCE; Schema: siscond; Owner: -
--

ALTER TABLE siscond.siscon_persona ALTER COLUMN id ADD GENERATED BY DEFAULT AS IDENTITY (
    SEQUENCE NAME siscond.siscon_persona_id_seq
    START WITH 1
    INCREMENT BY 1
    NO MINVALUE
    NO MAXVALUE
    CACHE 1
);


--
-- TOC entry 327 (class 1259 OID 101767)
-- Name: siscon_tipodoc; Type: TABLE; Schema: siscond; Owner: -
--

CREATE TABLE siscond.siscon_tipodoc (
    id bigint NOT NULL,
    tipo character varying(150) NOT NULL,
    vence boolean NOT NULL,
    vencedias integer
);


--
-- TOC entry 326 (class 1259 OID 101766)
-- Name: siscon_tipodoc_id_seq; Type: SEQUENCE; Schema: siscond; Owner: -
--

ALTER TABLE siscond.siscon_tipodoc ALTER COLUMN id ADD GENERATED BY DEFAULT AS IDENTITY (
    SEQUENCE NAME siscond.siscon_tipodoc_id_seq
    START WITH 1
    INCREMENT BY 1
    NO MINVALUE
    NO MAXVALUE
    CACHE 1
);


--
-- TOC entry 3673 (class 0 OID 101607)
-- Dependencies: 308
-- Data for Name: auth_group; Type: TABLE DATA; Schema: siscond; Owner: -
--



--
-- TOC entry 3675 (class 0 OID 101615)
-- Dependencies: 310
-- Data for Name: auth_group_permissions; Type: TABLE DATA; Schema: siscond; Owner: -
--



--
-- TOC entry 3671 (class 0 OID 101601)
-- Dependencies: 306
-- Data for Name: auth_permission; Type: TABLE DATA; Schema: siscond; Owner: -
--

INSERT INTO siscond.auth_permission (id, name, content_type_id, codename) VALUES (1, 'Can add log entry', 1, 'add_logentry');
INSERT INTO siscond.auth_permission (id, name, content_type_id, codename) VALUES (2, 'Can change log entry', 1, 'change_logentry');
INSERT INTO siscond.auth_permission (id, name, content_type_id, codename) VALUES (3, 'Can delete log entry', 1, 'delete_logentry');
INSERT INTO siscond.auth_permission (id, name, content_type_id, codename) VALUES (4, 'Can view log entry', 1, 'view_logentry');
INSERT INTO siscond.auth_permission (id, name, content_type_id, codename) VALUES (5, 'Can add permission', 2, 'add_permission');
INSERT INTO siscond.auth_permission (id, name, content_type_id, codename) VALUES (6, 'Can change permission', 2, 'change_permission');
INSERT INTO siscond.auth_permission (id, name, content_type_id, codename) VALUES (7, 'Can delete permission', 2, 'delete_permission');
INSERT INTO siscond.auth_permission (id, name, content_type_id, codename) VALUES (8, 'Can view permission', 2, 'view_permission');
INSERT INTO siscond.auth_permission (id, name, content_type_id, codename) VALUES (9, 'Can add group', 3, 'add_group');
INSERT INTO siscond.auth_permission (id, name, content_type_id, codename) VALUES (10, 'Can change group', 3, 'change_group');
INSERT INTO siscond.auth_permission (id, name, content_type_id, codename) VALUES (11, 'Can delete group', 3, 'delete_group');
INSERT INTO siscond.auth_permission (id, name, content_type_id, codename) VALUES (12, 'Can view group', 3, 'view_group');
INSERT INTO siscond.auth_permission (id, name, content_type_id, codename) VALUES (13, 'Can add user', 4, 'add_user');
INSERT INTO siscond.auth_permission (id, name, content_type_id, codename) VALUES (14, 'Can change user', 4, 'change_user');
INSERT INTO siscond.auth_permission (id, name, content_type_id, codename) VALUES (15, 'Can delete user', 4, 'delete_user');
INSERT INTO siscond.auth_permission (id, name, content_type_id, codename) VALUES (16, 'Can view user', 4, 'view_user');
INSERT INTO siscond.auth_permission (id, name, content_type_id, codename) VALUES (17, 'Can add content type', 5, 'add_contenttype');
INSERT INTO siscond.auth_permission (id, name, content_type_id, codename) VALUES (18, 'Can change content type', 5, 'change_contenttype');
INSERT INTO siscond.auth_permission (id, name, content_type_id, codename) VALUES (19, 'Can delete content type', 5, 'delete_contenttype');
INSERT INTO siscond.auth_permission (id, name, content_type_id, codename) VALUES (20, 'Can view content type', 5, 'view_contenttype');
INSERT INTO siscond.auth_permission (id, name, content_type_id, codename) VALUES (21, 'Can add session', 6, 'add_session');
INSERT INTO siscond.auth_permission (id, name, content_type_id, codename) VALUES (22, 'Can change session', 6, 'change_session');
INSERT INTO siscond.auth_permission (id, name, content_type_id, codename) VALUES (23, 'Can delete session', 6, 'delete_session');
INSERT INTO siscond.auth_permission (id, name, content_type_id, codename) VALUES (24, 'Can view session', 6, 'view_session');
INSERT INTO siscond.auth_permission (id, name, content_type_id, codename) VALUES (25, 'Can add persona', 7, 'add_persona');
INSERT INTO siscond.auth_permission (id, name, content_type_id, codename) VALUES (26, 'Can change persona', 7, 'change_persona');
INSERT INTO siscond.auth_permission (id, name, content_type_id, codename) VALUES (27, 'Can delete persona', 7, 'delete_persona');
INSERT INTO siscond.auth_permission (id, name, content_type_id, codename) VALUES (28, 'Can view persona', 7, 'view_persona');
INSERT INTO siscond.auth_permission (id, name, content_type_id, codename) VALUES (29, 'Can add inscripcion', 8, 'add_inscripcion');
INSERT INTO siscond.auth_permission (id, name, content_type_id, codename) VALUES (30, 'Can change inscripcion', 8, 'change_inscripcion');
INSERT INTO siscond.auth_permission (id, name, content_type_id, codename) VALUES (31, 'Can delete inscripcion', 8, 'delete_inscripcion');
INSERT INTO siscond.auth_permission (id, name, content_type_id, codename) VALUES (32, 'Can view inscripcion', 8, 'view_inscripcion');
INSERT INTO siscond.auth_permission (id, name, content_type_id, codename) VALUES (33, 'Can add convocatoria', 9, 'add_convocatoria');
INSERT INTO siscond.auth_permission (id, name, content_type_id, codename) VALUES (34, 'Can change convocatoria', 9, 'change_convocatoria');
INSERT INTO siscond.auth_permission (id, name, content_type_id, codename) VALUES (35, 'Can delete convocatoria', 9, 'delete_convocatoria');
INSERT INTO siscond.auth_permission (id, name, content_type_id, codename) VALUES (36, 'Can view convocatoria', 9, 'view_convocatoria');
INSERT INTO siscond.auth_permission (id, name, content_type_id, codename) VALUES (37, 'Can add legajo', 10, 'add_legajo');
INSERT INTO siscond.auth_permission (id, name, content_type_id, codename) VALUES (38, 'Can change legajo', 10, 'change_legajo');
INSERT INTO siscond.auth_permission (id, name, content_type_id, codename) VALUES (39, 'Can delete legajo', 10, 'delete_legajo');
INSERT INTO siscond.auth_permission (id, name, content_type_id, codename) VALUES (40, 'Can view legajo', 10, 'view_legajo');
INSERT INTO siscond.auth_permission (id, name, content_type_id, codename) VALUES (41, 'Can add tipo doc', 11, 'add_tipodoc');
INSERT INTO siscond.auth_permission (id, name, content_type_id, codename) VALUES (42, 'Can change tipo doc', 11, 'change_tipodoc');
INSERT INTO siscond.auth_permission (id, name, content_type_id, codename) VALUES (43, 'Can delete tipo doc', 11, 'delete_tipodoc');
INSERT INTO siscond.auth_permission (id, name, content_type_id, codename) VALUES (44, 'Can view tipo doc', 11, 'view_tipodoc');
INSERT INTO siscond.auth_permission (id, name, content_type_id, codename) VALUES (45, 'Can add documentacion', 12, 'add_documentacion');
INSERT INTO siscond.auth_permission (id, name, content_type_id, codename) VALUES (46, 'Can change documentacion', 12, 'change_documentacion');
INSERT INTO siscond.auth_permission (id, name, content_type_id, codename) VALUES (47, 'Can delete documentacion', 12, 'delete_documentacion');
INSERT INTO siscond.auth_permission (id, name, content_type_id, codename) VALUES (48, 'Can view documentacion', 12, 'view_documentacion');
INSERT INTO siscond.auth_permission (id, name, content_type_id, codename) VALUES (49, 'Can add archivopdf', 13, 'add_archivopdf');
INSERT INTO siscond.auth_permission (id, name, content_type_id, codename) VALUES (50, 'Can change archivopdf', 13, 'change_archivopdf');
INSERT INTO siscond.auth_permission (id, name, content_type_id, codename) VALUES (51, 'Can delete archivopdf', 13, 'delete_archivopdf');
INSERT INTO siscond.auth_permission (id, name, content_type_id, codename) VALUES (52, 'Can view archivopdf', 13, 'view_archivopdf');


--
-- TOC entry 3677 (class 0 OID 101621)
-- Dependencies: 312
-- Data for Name: auth_user; Type: TABLE DATA; Schema: siscond; Owner: -
--

INSERT INTO siscond.auth_user (id, password, last_login, is_superuser, username, first_name, last_name, email, is_staff, is_active, date_joined) VALUES (1, 'pbkdf2_sha256$390000$vhNWbO1CdoeVmygcPTQSzW$tnXIG5vzlpDnh5VRKcWhiG7g5pulhOdkuVizJlX4Anw=', '2023-06-14 12:46:19.030016-03', true, 'admin', '', '', '', true, true, '2023-06-05 11:06:59.751469-03');


--
-- TOC entry 3679 (class 0 OID 101629)
-- Dependencies: 314
-- Data for Name: auth_user_groups; Type: TABLE DATA; Schema: siscond; Owner: -
--



--
-- TOC entry 3681 (class 0 OID 101635)
-- Dependencies: 316
-- Data for Name: auth_user_user_permissions; Type: TABLE DATA; Schema: siscond; Owner: -
--



--
-- TOC entry 3683 (class 0 OID 101693)
-- Dependencies: 318
-- Data for Name: django_admin_log; Type: TABLE DATA; Schema: siscond; Owner: -
--

INSERT INTO siscond.django_admin_log (id, action_time, object_id, object_repr, action_flag, change_message, content_type_id, user_id) VALUES (1, '2023-06-05 11:12:40.23409-03', '1', '1/2023', 1, '[{"added": {}}]', 8, 1);
INSERT INTO siscond.django_admin_log (id, action_time, object_id, object_repr, action_flag, change_message, content_type_id, user_id) VALUES (2, '2023-06-05 11:13:17.942434-03', '2', '1/2023', 1, '[{"added": {}}]', 8, 1);
INSERT INTO siscond.django_admin_log (id, action_time, object_id, object_repr, action_flag, change_message, content_type_id, user_id) VALUES (3, '2023-06-15 06:55:58.570603-03', '1', 'TipoDoc object (1)', 1, '[{"added": {}}]', 11, 1);
INSERT INTO siscond.django_admin_log (id, action_time, object_id, object_repr, action_flag, change_message, content_type_id, user_id) VALUES (4, '2023-06-15 06:56:58.452146-03', '2', 'TipoDoc object (2)', 1, '[{"added": {}}]', 11, 1);
INSERT INTO siscond.django_admin_log (id, action_time, object_id, object_repr, action_flag, change_message, content_type_id, user_id) VALUES (5, '2023-06-15 06:57:41.203798-03', '3', 'TipoDoc object (3)', 1, '[{"added": {}}]', 11, 1);
INSERT INTO siscond.django_admin_log (id, action_time, object_id, object_repr, action_flag, change_message, content_type_id, user_id) VALUES (6, '2023-06-15 06:58:51.226197-03', '4', 'TipoDoc object (4)', 1, '[{"added": {}}]', 11, 1);
INSERT INTO siscond.django_admin_log (id, action_time, object_id, object_repr, action_flag, change_message, content_type_id, user_id) VALUES (7, '2023-06-15 06:59:34.933957-03', '5', 'TipoDoc object (5)', 1, '[{"added": {}}]', 11, 1);
INSERT INTO siscond.django_admin_log (id, action_time, object_id, object_repr, action_flag, change_message, content_type_id, user_id) VALUES (8, '2023-06-15 07:00:03.932775-03', '5', 'TipoDoc object (5)', 2, '[{"changed": {"fields": ["Vence", "Vencedias"]}}]', 11, 1);
INSERT INTO siscond.django_admin_log (id, action_time, object_id, object_repr, action_flag, change_message, content_type_id, user_id) VALUES (9, '2023-06-15 07:01:15.125474-03', '6', 'TipoDoc object (6)', 1, '[{"added": {}}]', 11, 1);
INSERT INTO siscond.django_admin_log (id, action_time, object_id, object_repr, action_flag, change_message, content_type_id, user_id) VALUES (10, '2023-06-15 07:02:05.281332-03', '7', 'TipoDoc object (7)', 1, '[{"added": {}}]', 11, 1);
INSERT INTO siscond.django_admin_log (id, action_time, object_id, object_repr, action_flag, change_message, content_type_id, user_id) VALUES (11, '2023-06-15 07:03:50.869254-03', '8', 'TipoDoc object (8)', 1, '[{"added": {}}]', 11, 1);
INSERT INTO siscond.django_admin_log (id, action_time, object_id, object_repr, action_flag, change_message, content_type_id, user_id) VALUES (12, '2023-06-15 07:04:28.745764-03', '9', 'TipoDoc object (9)', 1, '[{"added": {}}]', 11, 1);
INSERT INTO siscond.django_admin_log (id, action_time, object_id, object_repr, action_flag, change_message, content_type_id, user_id) VALUES (13, '2023-06-15 07:05:37.244669-03', '10', 'TipoDoc object (10)', 1, '[{"added": {}}]', 11, 1);
INSERT INTO siscond.django_admin_log (id, action_time, object_id, object_repr, action_flag, change_message, content_type_id, user_id) VALUES (14, '2023-06-15 07:18:19.515857-03', '11', 'TipoDoc object (11)', 1, '[{"added": {}}]', 11, 1);
INSERT INTO siscond.django_admin_log (id, action_time, object_id, object_repr, action_flag, change_message, content_type_id, user_id) VALUES (15, '2023-06-16 09:45:04.909366-03', '1', 'Documentacion object (1)', 1, '[{"added": {}}]', 12, 1);
INSERT INTO siscond.django_admin_log (id, action_time, object_id, object_repr, action_flag, change_message, content_type_id, user_id) VALUES (16, '2023-06-21 10:23:23.702147-03', '1', 'Documentacion object (1)', 2, '[{"changed": {"fields": ["Tipodoc"]}}]', 12, 1);
INSERT INTO siscond.django_admin_log (id, action_time, object_id, object_repr, action_flag, change_message, content_type_id, user_id) VALUES (17, '2023-06-21 10:39:34.148129-03', '2', 'Documentacion object (2)', 1, '[{"added": {}}]', 12, 1);


--
-- TOC entry 3669 (class 0 OID 101593)
-- Dependencies: 304
-- Data for Name: django_content_type; Type: TABLE DATA; Schema: siscond; Owner: -
--

INSERT INTO siscond.django_content_type (id, app_label, model) VALUES (1, 'admin', 'logentry');
INSERT INTO siscond.django_content_type (id, app_label, model) VALUES (2, 'auth', 'permission');
INSERT INTO siscond.django_content_type (id, app_label, model) VALUES (3, 'auth', 'group');
INSERT INTO siscond.django_content_type (id, app_label, model) VALUES (4, 'auth', 'user');
INSERT INTO siscond.django_content_type (id, app_label, model) VALUES (5, 'contenttypes', 'contenttype');
INSERT INTO siscond.django_content_type (id, app_label, model) VALUES (6, 'sessions', 'session');
INSERT INTO siscond.django_content_type (id, app_label, model) VALUES (7, 'siscon', 'persona');
INSERT INTO siscond.django_content_type (id, app_label, model) VALUES (8, 'siscon', 'inscripcion');
INSERT INTO siscond.django_content_type (id, app_label, model) VALUES (9, 'siscon', 'convocatoria');
INSERT INTO siscond.django_content_type (id, app_label, model) VALUES (10, 'siscon', 'legajo');
INSERT INTO siscond.django_content_type (id, app_label, model) VALUES (11, 'siscon', 'tipodoc');
INSERT INTO siscond.django_content_type (id, app_label, model) VALUES (12, 'siscon', 'documentacion');
INSERT INTO siscond.django_content_type (id, app_label, model) VALUES (13, 'siscon', 'archivopdf');


--
-- TOC entry 3667 (class 0 OID 101585)
-- Dependencies: 302
-- Data for Name: django_migrations; Type: TABLE DATA; Schema: siscond; Owner: -
--

INSERT INTO siscond.django_migrations (id, app, name, applied) VALUES (1, 'contenttypes', '0001_initial', '2023-06-05 10:49:51.121032-03');
INSERT INTO siscond.django_migrations (id, app, name, applied) VALUES (2, 'auth', '0001_initial', '2023-06-05 10:49:52.375606-03');
INSERT INTO siscond.django_migrations (id, app, name, applied) VALUES (3, 'admin', '0001_initial', '2023-06-05 10:49:52.50661-03');
INSERT INTO siscond.django_migrations (id, app, name, applied) VALUES (4, 'admin', '0002_logentry_remove_auto_add', '2023-06-05 10:49:52.520609-03');
INSERT INTO siscond.django_migrations (id, app, name, applied) VALUES (5, 'admin', '0003_logentry_add_action_flag_choices', '2023-06-05 10:49:52.526186-03');
INSERT INTO siscond.django_migrations (id, app, name, applied) VALUES (6, 'contenttypes', '0002_remove_content_type_name', '2023-06-05 10:49:52.564829-03');
INSERT INTO siscond.django_migrations (id, app, name, applied) VALUES (7, 'auth', '0002_alter_permission_name_max_length', '2023-06-05 10:49:52.57247-03');
INSERT INTO siscond.django_migrations (id, app, name, applied) VALUES (8, 'auth', '0003_alter_user_email_max_length', '2023-06-05 10:49:52.578439-03');
INSERT INTO siscond.django_migrations (id, app, name, applied) VALUES (9, 'auth', '0004_alter_user_username_opts', '2023-06-05 10:49:52.584241-03');
INSERT INTO siscond.django_migrations (id, app, name, applied) VALUES (10, 'auth', '0005_alter_user_last_login_null', '2023-06-05 10:49:52.589948-03');
INSERT INTO siscond.django_migrations (id, app, name, applied) VALUES (11, 'auth', '0006_require_contenttypes_0002', '2023-06-05 10:49:52.591913-03');
INSERT INTO siscond.django_migrations (id, app, name, applied) VALUES (12, 'auth', '0007_alter_validators_add_error_messages', '2023-06-05 10:49:52.596914-03');
INSERT INTO siscond.django_migrations (id, app, name, applied) VALUES (13, 'auth', '0008_alter_user_username_max_length', '2023-06-05 10:49:52.619168-03');
INSERT INTO siscond.django_migrations (id, app, name, applied) VALUES (14, 'auth', '0009_alter_user_last_name_max_length', '2023-06-05 10:49:52.626196-03');
INSERT INTO siscond.django_migrations (id, app, name, applied) VALUES (15, 'auth', '0010_alter_group_name_max_length', '2023-06-05 10:49:52.633166-03');
INSERT INTO siscond.django_migrations (id, app, name, applied) VALUES (16, 'auth', '0011_update_proxy_permissions', '2023-06-05 10:49:52.638779-03');
INSERT INTO siscond.django_migrations (id, app, name, applied) VALUES (17, 'auth', '0012_alter_user_first_name_max_length', '2023-06-05 10:49:52.643779-03');
INSERT INTO siscond.django_migrations (id, app, name, applied) VALUES (18, 'sessions', '0001_initial', '2023-06-05 10:49:52.738193-03');
INSERT INTO siscond.django_migrations (id, app, name, applied) VALUES (19, 'siscon', '0001_initial', '2023-06-05 10:49:52.905362-03');
INSERT INTO siscond.django_migrations (id, app, name, applied) VALUES (20, 'siscon', '0002_remove_inscripcion_dni', '2023-06-05 11:10:36.391984-03');
INSERT INTO siscond.django_migrations (id, app, name, applied) VALUES (21, 'siscon', '0003_convocatoria_inscripcion_convocatoria', '2023-06-08 11:43:13.424852-03');
INSERT INTO siscond.django_migrations (id, app, name, applied) VALUES (22, 'siscon', '0004_tipodoc_alter_inscripcion_persona_legajo_and_more', '2023-06-14 12:03:46.481169-03');
INSERT INTO siscond.django_migrations (id, app, name, applied) VALUES (23, 'siscon', '0005_documentacion_archivo_alter_archivopdf_archivo', '2023-06-15 10:05:01.713851-03');
INSERT INTO siscond.django_migrations (id, app, name, applied) VALUES (24, 'siscon', '0006_remove_documentacion_tipodoc_documentacion_tipodoc', '2023-06-21 09:30:10.162814-03');
INSERT INTO siscond.django_migrations (id, app, name, applied) VALUES (25, 'siscon', '0007_rename_tipodoc_tipodoc_tipo_and_more', '2023-06-21 10:19:51.83599-03');


--
-- TOC entry 3684 (class 0 OID 101721)
-- Dependencies: 319
-- Data for Name: django_session; Type: TABLE DATA; Schema: siscond; Owner: -
--

INSERT INTO siscond.django_session (session_key, session_data, expire_date) VALUES ('ackiwmggkwk59mhelb6n8gqascd7rqmy', '.eJxVjLsOwjAMAP8lM4ryqOXCyM43RHZs0wJKpT4mxL-jSh1gvTvd2xXa1qFsi85lFHdx0Z1-GVN9atuFPKjdJ1-nts4j-z3xh138bRJ9XY_2bzDQMuxbw5gZzmKBMmA0hixmAThhQMVqojUkAmEA0D5GRMhd1ylY4l7d5wvrSjgB:1q6AsL:olmnpZc9KfeA4Flc58VgsZ4FvX0O2LuMw4K_RpWqqXE', '2023-06-19 11:08:01.11051-03');
INSERT INTO siscond.django_session (session_key, session_data, expire_date) VALUES ('zbpkrvw13d60txzofidtqcyrappsyt5b', '.eJxVjLsOwjAMAP8lM4ryqOXCyM43RHZs0wJKpT4mxL-jSh1gvTvd2xXa1qFsi85lFHdx0Z1-GVN9atuFPKjdJ1-nts4j-z3xh138bRJ9XY_2bzDQMuxbw5gZzmKBMmA0hixmAThhQMVqojUkAmEA0D5GRMhd1ylY4l7d5wvrSjgB:1q9ShP:bCfbk3WwqESHcclzuYTrLur4xGrEunLVqvfw-HSbwUE', '2023-06-28 12:46:19.053646-03');


--
-- TOC entry 3698 (class 0 OID 101791)
-- Dependencies: 333
-- Data for Name: siscon_archivopdf; Type: TABLE DATA; Schema: siscond; Owner: -
--



--
-- TOC entry 3690 (class 0 OID 101753)
-- Dependencies: 325
-- Data for Name: siscon_convocatoria; Type: TABLE DATA; Schema: siscond; Owner: -
--

INSERT INTO siscond.siscon_convocatoria (id, idarea, nombre, descripcion, detalle, estado, inicio, finalizacion, link_insc, link_acuerdo) VALUES (1, 1, '1/2023', 'Director de Arquitectura', '', 1, '2023-05-05', '2023-10-05', NULL, NULL);


--
-- TOC entry 3696 (class 0 OID 101785)
-- Dependencies: 331
-- Data for Name: siscon_documentacion; Type: TABLE DATA; Schema: siscond; Owner: -
--

INSERT INTO siscond.siscon_documentacion (id, fecha_ingreso, fecha_actualizacion, legajo_id, persona_id, archivo) VALUES (1, '2023-06-16 09:44:51-03', '2023-06-16 09:44:54-03', 1, 1, 'documentacion/14_de_junio_2023.pdf');
INSERT INTO siscond.siscon_documentacion (id, fecha_ingreso, fecha_actualizacion, legajo_id, persona_id, archivo) VALUES (2, '2023-06-21 10:39:30-03', NULL, 1, 1, 'documentacion/02_de_junio_2023.pdf');


--
-- TOC entry 3700 (class 0 OID 101829)
-- Dependencies: 335
-- Data for Name: siscon_documentacion_tipodoc; Type: TABLE DATA; Schema: siscond; Owner: -
--

INSERT INTO siscond.siscon_documentacion_tipodoc (id, documentacion_id, tipodoc_id) VALUES (1, 1, 2);
INSERT INTO siscond.siscon_documentacion_tipodoc (id, documentacion_id, tipodoc_id) VALUES (2, 2, 4);


--
-- TOC entry 3688 (class 0 OID 101739)
-- Dependencies: 323
-- Data for Name: siscon_inscripcion; Type: TABLE DATA; Schema: siscond; Owner: -
--

INSERT INTO siscond.siscon_inscripcion (id, numero, anio, idarea, nombre, base, fecha_insc, pos, persona_id, convocatoria_id) VALUES (1, 1, 2023, 1, '1/2023', NULL, '2023-05-06 11:12:00-03', 1, 1, 1);
INSERT INTO siscond.siscon_inscripcion (id, numero, anio, idarea, nombre, base, fecha_insc, pos, persona_id, convocatoria_id) VALUES (2, 1, 2023, 1, '1/2023', NULL, '2023-05-06 11:13:00-03', 2, 2, 1);


--
-- TOC entry 3694 (class 0 OID 101779)
-- Dependencies: 329
-- Data for Name: siscon_legajo; Type: TABLE DATA; Schema: siscond; Owner: -
--

INSERT INTO siscond.siscon_legajo (id, fechacreacion, fechaingreso, persona_id) VALUES (1, '2023-06-14 00:00:00-03', '2023-06-14', 1);


--
-- TOC entry 3686 (class 0 OID 101731)
-- Dependencies: 321
-- Data for Name: siscon_persona; Type: TABLE DATA; Schema: siscond; Owner: -
--

INSERT INTO siscond.siscon_persona (id, dni, apellidos, nombres, domicilio_real, localidad, telefono, celular, email, fecha_nacimiento, titulo) VALUES (2, 22222222, 'APELLIDO DE PRUEBA 2', 'NOMBRE DE PRUEBA 2', 'DIRECCION DE PRUEBA 2', 'LOCALIDAD DE PRUEBA 2', '22222222', '22222222', 'prueba2@prueba.com', '1976-12-12', 'TITULO 2');
INSERT INTO siscond.siscon_persona (id, dni, apellidos, nombres, domicilio_real, localidad, telefono, celular, email, fecha_nacimiento, titulo) VALUES (4, 33333333, 'apellido de prueba 3', 'nombre de prueba 3', 'dirección de prueba n 3333', 'localidad prueba', '01111111111', '37942323424', 'jursiprudencia@prueba', '1976-12-12', 'abogado');
INSERT INTO siscond.siscon_persona (id, dni, apellidos, nombres, domicilio_real, localidad, telefono, celular, email, fecha_nacimiento, titulo) VALUES (5, 44444444, 'Prueba', 'Prueba', 'san martin  222', 'localidad prueba', '01111111111', '37942323424', 'jursiprudencia@prueba', '1976-12-12', 'abogado');
INSERT INTO siscond.siscon_persona (id, dni, apellidos, nombres, domicilio_real, localidad, telefono, celular, email, fecha_nacimiento, titulo) VALUES (1, 11111111, 'APELLIDO DE PRUEBA 1', 'NOMBRE DE PRUEBA 1', 'DIRECCION DE PRUEBA 1', 'LOCALIDAD DE PRUEBA 1', '111111111', '1111111', 'prueba1@prueba.com', '1979-01-01', 'TITULO 1');


--
-- TOC entry 3692 (class 0 OID 101767)
-- Dependencies: 327
-- Data for Name: siscon_tipodoc; Type: TABLE DATA; Schema: siscond; Owner: -
--

INSERT INTO siscond.siscon_tipodoc (id, tipo, vence, vencedias) VALUES (1, 'Título habilitante', false, NULL);
INSERT INTO siscond.siscon_tipodoc (id, tipo, vence, vencedias) VALUES (2, 'D.N.I.', false, NULL);
INSERT INTO siscond.siscon_tipodoc (id, tipo, vence, vencedias) VALUES (3, 'Curriculum Vitae', false, NULL);
INSERT INTO siscond.siscon_tipodoc (id, tipo, vence, vencedias) VALUES (4, 'Declaracion Jurada A.F.I.P.', true, 30);
INSERT INTO siscond.siscon_tipodoc (id, tipo, vence, vencedias) VALUES (5, 'Certificado de registro de deudores morosos alimentarios', true, 30);
INSERT INTO siscond.siscon_tipodoc (id, tipo, vence, vencedias) VALUES (6, 'certificación de control de matrícula con antigüedad', false, NULL);
INSERT INTO siscond.siscon_tipodoc (id, tipo, vence, vencedias) VALUES (7, 'Certificación del Tribunal de Ética colegiado', true, 30);
INSERT INTO siscond.siscon_tipodoc (id, tipo, vence, vencedias) VALUES (8, 'Constancia de antigüedad', true, 30);
INSERT INTO siscond.siscon_tipodoc (id, tipo, vence, vencedias) VALUES (9, 'Licencias ordinarias / extraordinarias', true, 30);
INSERT INTO siscond.siscon_tipodoc (id, tipo, vence, vencedias) VALUES (10, 'Certificado analitico del titulo de grado', false, NULL);
INSERT INTO siscond.siscon_tipodoc (id, tipo, vence, vencedias) VALUES (11, 'Postgrados, Maestrías, Especializaciones, Conferencias y Seminarios', false, NULL);


--
-- TOC entry 3707 (class 0 OID 0)
-- Dependencies: 307
-- Name: auth_group_id_seq; Type: SEQUENCE SET; Schema: siscond; Owner: -
--

SELECT pg_catalog.setval('siscond.auth_group_id_seq', 1, false);


--
-- TOC entry 3708 (class 0 OID 0)
-- Dependencies: 309
-- Name: auth_group_permissions_id_seq; Type: SEQUENCE SET; Schema: siscond; Owner: -
--

SELECT pg_catalog.setval('siscond.auth_group_permissions_id_seq', 1, false);


--
-- TOC entry 3709 (class 0 OID 0)
-- Dependencies: 305
-- Name: auth_permission_id_seq; Type: SEQUENCE SET; Schema: siscond; Owner: -
--

SELECT pg_catalog.setval('siscond.auth_permission_id_seq', 52, true);


--
-- TOC entry 3710 (class 0 OID 0)
-- Dependencies: 313
-- Name: auth_user_groups_id_seq; Type: SEQUENCE SET; Schema: siscond; Owner: -
--

SELECT pg_catalog.setval('siscond.auth_user_groups_id_seq', 1, false);


--
-- TOC entry 3711 (class 0 OID 0)
-- Dependencies: 311
-- Name: auth_user_id_seq; Type: SEQUENCE SET; Schema: siscond; Owner: -
--

SELECT pg_catalog.setval('siscond.auth_user_id_seq', 1, true);


--
-- TOC entry 3712 (class 0 OID 0)
-- Dependencies: 315
-- Name: auth_user_user_permissions_id_seq; Type: SEQUENCE SET; Schema: siscond; Owner: -
--

SELECT pg_catalog.setval('siscond.auth_user_user_permissions_id_seq', 1, false);


--
-- TOC entry 3713 (class 0 OID 0)
-- Dependencies: 317
-- Name: django_admin_log_id_seq; Type: SEQUENCE SET; Schema: siscond; Owner: -
--

SELECT pg_catalog.setval('siscond.django_admin_log_id_seq', 17, true);


--
-- TOC entry 3714 (class 0 OID 0)
-- Dependencies: 303
-- Name: django_content_type_id_seq; Type: SEQUENCE SET; Schema: siscond; Owner: -
--

SELECT pg_catalog.setval('siscond.django_content_type_id_seq', 13, true);


--
-- TOC entry 3715 (class 0 OID 0)
-- Dependencies: 301
-- Name: django_migrations_id_seq; Type: SEQUENCE SET; Schema: siscond; Owner: -
--

SELECT pg_catalog.setval('siscond.django_migrations_id_seq', 25, true);


--
-- TOC entry 3716 (class 0 OID 0)
-- Dependencies: 332
-- Name: siscon_archivopdf_id_seq; Type: SEQUENCE SET; Schema: siscond; Owner: -
--

SELECT pg_catalog.setval('siscond.siscon_archivopdf_id_seq', 1, false);


--
-- TOC entry 3717 (class 0 OID 0)
-- Dependencies: 324
-- Name: siscon_convocatoria_id_seq; Type: SEQUENCE SET; Schema: siscond; Owner: -
--

SELECT pg_catalog.setval('siscond.siscon_convocatoria_id_seq', 1, true);


--
-- TOC entry 3718 (class 0 OID 0)
-- Dependencies: 330
-- Name: siscon_documentacion_id_seq; Type: SEQUENCE SET; Schema: siscond; Owner: -
--

SELECT pg_catalog.setval('siscond.siscon_documentacion_id_seq', 2, true);


--
-- TOC entry 3719 (class 0 OID 0)
-- Dependencies: 334
-- Name: siscon_documentacion_tipodoc_id_seq; Type: SEQUENCE SET; Schema: siscond; Owner: -
--

SELECT pg_catalog.setval('siscond.siscon_documentacion_tipodoc_id_seq', 2, true);


--
-- TOC entry 3720 (class 0 OID 0)
-- Dependencies: 322
-- Name: siscon_inscripcion_id_seq; Type: SEQUENCE SET; Schema: siscond; Owner: -
--

SELECT pg_catalog.setval('siscond.siscon_inscripcion_id_seq', 3, true);


--
-- TOC entry 3721 (class 0 OID 0)
-- Dependencies: 328
-- Name: siscon_legajo_id_seq; Type: SEQUENCE SET; Schema: siscond; Owner: -
--

SELECT pg_catalog.setval('siscond.siscon_legajo_id_seq', 1, false);


--
-- TOC entry 3722 (class 0 OID 0)
-- Dependencies: 320
-- Name: siscon_persona_id_seq; Type: SEQUENCE SET; Schema: siscond; Owner: -
--

SELECT pg_catalog.setval('siscond.siscon_persona_id_seq', 5, true);


--
-- TOC entry 3723 (class 0 OID 0)
-- Dependencies: 326
-- Name: siscon_tipodoc_id_seq; Type: SEQUENCE SET; Schema: siscond; Owner: -
--

SELECT pg_catalog.setval('siscond.siscon_tipodoc_id_seq', 11, true);


--
-- TOC entry 3448 (class 2606 OID 101719)
-- Name: auth_group auth_group_name_key; Type: CONSTRAINT; Schema: siscond; Owner: -
--

ALTER TABLE ONLY siscond.auth_group
    ADD CONSTRAINT auth_group_name_key UNIQUE (name);


--
-- TOC entry 3453 (class 2606 OID 101650)
-- Name: auth_group_permissions auth_group_permissions_group_id_permission_id_0cd325b0_uniq; Type: CONSTRAINT; Schema: siscond; Owner: -
--

ALTER TABLE ONLY siscond.auth_group_permissions
    ADD CONSTRAINT auth_group_permissions_group_id_permission_id_0cd325b0_uniq UNIQUE (group_id, permission_id);


--
-- TOC entry 3456 (class 2606 OID 101619)
-- Name: auth_group_permissions auth_group_permissions_pkey; Type: CONSTRAINT; Schema: siscond; Owner: -
--

ALTER TABLE ONLY siscond.auth_group_permissions
    ADD CONSTRAINT auth_group_permissions_pkey PRIMARY KEY (id);


--
-- TOC entry 3450 (class 2606 OID 101611)
-- Name: auth_group auth_group_pkey; Type: CONSTRAINT; Schema: siscond; Owner: -
--

ALTER TABLE ONLY siscond.auth_group
    ADD CONSTRAINT auth_group_pkey PRIMARY KEY (id);


--
-- TOC entry 3443 (class 2606 OID 101641)
-- Name: auth_permission auth_permission_content_type_id_codename_01ab375a_uniq; Type: CONSTRAINT; Schema: siscond; Owner: -
--

ALTER TABLE ONLY siscond.auth_permission
    ADD CONSTRAINT auth_permission_content_type_id_codename_01ab375a_uniq UNIQUE (content_type_id, codename);


--
-- TOC entry 3445 (class 2606 OID 101605)
-- Name: auth_permission auth_permission_pkey; Type: CONSTRAINT; Schema: siscond; Owner: -
--

ALTER TABLE ONLY siscond.auth_permission
    ADD CONSTRAINT auth_permission_pkey PRIMARY KEY (id);


--
-- TOC entry 3464 (class 2606 OID 101633)
-- Name: auth_user_groups auth_user_groups_pkey; Type: CONSTRAINT; Schema: siscond; Owner: -
--

ALTER TABLE ONLY siscond.auth_user_groups
    ADD CONSTRAINT auth_user_groups_pkey PRIMARY KEY (id);


--
-- TOC entry 3467 (class 2606 OID 101665)
-- Name: auth_user_groups auth_user_groups_user_id_group_id_94350c0c_uniq; Type: CONSTRAINT; Schema: siscond; Owner: -
--

ALTER TABLE ONLY siscond.auth_user_groups
    ADD CONSTRAINT auth_user_groups_user_id_group_id_94350c0c_uniq UNIQUE (user_id, group_id);


--
-- TOC entry 3458 (class 2606 OID 101625)
-- Name: auth_user auth_user_pkey; Type: CONSTRAINT; Schema: siscond; Owner: -
--

ALTER TABLE ONLY siscond.auth_user
    ADD CONSTRAINT auth_user_pkey PRIMARY KEY (id);


--
-- TOC entry 3470 (class 2606 OID 101639)
-- Name: auth_user_user_permissions auth_user_user_permissions_pkey; Type: CONSTRAINT; Schema: siscond; Owner: -
--

ALTER TABLE ONLY siscond.auth_user_user_permissions
    ADD CONSTRAINT auth_user_user_permissions_pkey PRIMARY KEY (id);


--
-- TOC entry 3473 (class 2606 OID 101679)
-- Name: auth_user_user_permissions auth_user_user_permissions_user_id_permission_id_14a6b632_uniq; Type: CONSTRAINT; Schema: siscond; Owner: -
--

ALTER TABLE ONLY siscond.auth_user_user_permissions
    ADD CONSTRAINT auth_user_user_permissions_user_id_permission_id_14a6b632_uniq UNIQUE (user_id, permission_id);


--
-- TOC entry 3461 (class 2606 OID 101714)
-- Name: auth_user auth_user_username_key; Type: CONSTRAINT; Schema: siscond; Owner: -
--

ALTER TABLE ONLY siscond.auth_user
    ADD CONSTRAINT auth_user_username_key UNIQUE (username);


--
-- TOC entry 3476 (class 2606 OID 101700)
-- Name: django_admin_log django_admin_log_pkey; Type: CONSTRAINT; Schema: siscond; Owner: -
--

ALTER TABLE ONLY siscond.django_admin_log
    ADD CONSTRAINT django_admin_log_pkey PRIMARY KEY (id);


--
-- TOC entry 3438 (class 2606 OID 101599)
-- Name: django_content_type django_content_type_app_label_model_76bd3d3b_uniq; Type: CONSTRAINT; Schema: siscond; Owner: -
--

ALTER TABLE ONLY siscond.django_content_type
    ADD CONSTRAINT django_content_type_app_label_model_76bd3d3b_uniq UNIQUE (app_label, model);


--
-- TOC entry 3440 (class 2606 OID 101597)
-- Name: django_content_type django_content_type_pkey; Type: CONSTRAINT; Schema: siscond; Owner: -
--

ALTER TABLE ONLY siscond.django_content_type
    ADD CONSTRAINT django_content_type_pkey PRIMARY KEY (id);


--
-- TOC entry 3436 (class 2606 OID 101591)
-- Name: django_migrations django_migrations_pkey; Type: CONSTRAINT; Schema: siscond; Owner: -
--

ALTER TABLE ONLY siscond.django_migrations
    ADD CONSTRAINT django_migrations_pkey PRIMARY KEY (id);


--
-- TOC entry 3480 (class 2606 OID 101727)
-- Name: django_session django_session_pkey; Type: CONSTRAINT; Schema: siscond; Owner: -
--

ALTER TABLE ONLY siscond.django_session
    ADD CONSTRAINT django_session_pkey PRIMARY KEY (session_key);


--
-- TOC entry 3501 (class 2606 OID 101795)
-- Name: siscon_archivopdf siscon_archivopdf_pkey; Type: CONSTRAINT; Schema: siscond; Owner: -
--

ALTER TABLE ONLY siscond.siscon_archivopdf
    ADD CONSTRAINT siscon_archivopdf_pkey PRIMARY KEY (id);


--
-- TOC entry 3489 (class 2606 OID 101759)
-- Name: siscon_convocatoria siscon_convocatoria_pkey; Type: CONSTRAINT; Schema: siscond; Owner: -
--

ALTER TABLE ONLY siscond.siscon_convocatoria
    ADD CONSTRAINT siscon_convocatoria_pkey PRIMARY KEY (id);


--
-- TOC entry 3498 (class 2606 OID 101789)
-- Name: siscon_documentacion siscon_documentacion_pkey; Type: CONSTRAINT; Schema: siscond; Owner: -
--

ALTER TABLE ONLY siscond.siscon_documentacion
    ADD CONSTRAINT siscon_documentacion_pkey PRIMARY KEY (id);


--
-- TOC entry 3503 (class 2606 OID 101835)
-- Name: siscon_documentacion_tipodoc siscon_documentacion_tip_documentacion_id_tipodoc_57ebc822_uniq; Type: CONSTRAINT; Schema: siscond; Owner: -
--

ALTER TABLE ONLY siscond.siscon_documentacion_tipodoc
    ADD CONSTRAINT siscon_documentacion_tip_documentacion_id_tipodoc_57ebc822_uniq UNIQUE (documentacion_id, tipodoc_id);


--
-- TOC entry 3506 (class 2606 OID 101833)
-- Name: siscon_documentacion_tipodoc siscon_documentacion_tipodoc_pkey; Type: CONSTRAINT; Schema: siscond; Owner: -
--

ALTER TABLE ONLY siscond.siscon_documentacion_tipodoc
    ADD CONSTRAINT siscon_documentacion_tipodoc_pkey PRIMARY KEY (id);


--
-- TOC entry 3487 (class 2606 OID 101743)
-- Name: siscon_inscripcion siscon_inscripcion_pkey; Type: CONSTRAINT; Schema: siscond; Owner: -
--

ALTER TABLE ONLY siscond.siscon_inscripcion
    ADD CONSTRAINT siscon_inscripcion_pkey PRIMARY KEY (id);


--
-- TOC entry 3494 (class 2606 OID 101783)
-- Name: siscon_legajo siscon_legajo_pkey; Type: CONSTRAINT; Schema: siscond; Owner: -
--

ALTER TABLE ONLY siscond.siscon_legajo
    ADD CONSTRAINT siscon_legajo_pkey PRIMARY KEY (id);


--
-- TOC entry 3483 (class 2606 OID 101737)
-- Name: siscon_persona siscon_persona_pkey; Type: CONSTRAINT; Schema: siscond; Owner: -
--

ALTER TABLE ONLY siscond.siscon_persona
    ADD CONSTRAINT siscon_persona_pkey PRIMARY KEY (id);


--
-- TOC entry 3491 (class 2606 OID 101771)
-- Name: siscon_tipodoc siscon_tipodoc_pkey; Type: CONSTRAINT; Schema: siscond; Owner: -
--

ALTER TABLE ONLY siscond.siscon_tipodoc
    ADD CONSTRAINT siscon_tipodoc_pkey PRIMARY KEY (id);


--
-- TOC entry 3446 (class 1259 OID 101720)
-- Name: auth_group_name_a6ea08ec_like; Type: INDEX; Schema: siscond; Owner: -
--

CREATE INDEX auth_group_name_a6ea08ec_like ON siscond.auth_group USING btree (name varchar_pattern_ops);


--
-- TOC entry 3451 (class 1259 OID 101661)
-- Name: auth_group_permissions_group_id_b120cbf9; Type: INDEX; Schema: siscond; Owner: -
--

CREATE INDEX auth_group_permissions_group_id_b120cbf9 ON siscond.auth_group_permissions USING btree (group_id);


--
-- TOC entry 3454 (class 1259 OID 101662)
-- Name: auth_group_permissions_permission_id_84c5c92e; Type: INDEX; Schema: siscond; Owner: -
--

CREATE INDEX auth_group_permissions_permission_id_84c5c92e ON siscond.auth_group_permissions USING btree (permission_id);


--
-- TOC entry 3441 (class 1259 OID 101647)
-- Name: auth_permission_content_type_id_2f476e4b; Type: INDEX; Schema: siscond; Owner: -
--

CREATE INDEX auth_permission_content_type_id_2f476e4b ON siscond.auth_permission USING btree (content_type_id);


--
-- TOC entry 3462 (class 1259 OID 101677)
-- Name: auth_user_groups_group_id_97559544; Type: INDEX; Schema: siscond; Owner: -
--

CREATE INDEX auth_user_groups_group_id_97559544 ON siscond.auth_user_groups USING btree (group_id);


--
-- TOC entry 3465 (class 1259 OID 101676)
-- Name: auth_user_groups_user_id_6a12ed8b; Type: INDEX; Schema: siscond; Owner: -
--

CREATE INDEX auth_user_groups_user_id_6a12ed8b ON siscond.auth_user_groups USING btree (user_id);


--
-- TOC entry 3468 (class 1259 OID 101691)
-- Name: auth_user_user_permissions_permission_id_1fbb5f2c; Type: INDEX; Schema: siscond; Owner: -
--

CREATE INDEX auth_user_user_permissions_permission_id_1fbb5f2c ON siscond.auth_user_user_permissions USING btree (permission_id);


--
-- TOC entry 3471 (class 1259 OID 101690)
-- Name: auth_user_user_permissions_user_id_a95ead1b; Type: INDEX; Schema: siscond; Owner: -
--

CREATE INDEX auth_user_user_permissions_user_id_a95ead1b ON siscond.auth_user_user_permissions USING btree (user_id);


--
-- TOC entry 3459 (class 1259 OID 101715)
-- Name: auth_user_username_6821ab7c_like; Type: INDEX; Schema: siscond; Owner: -
--

CREATE INDEX auth_user_username_6821ab7c_like ON siscond.auth_user USING btree (username varchar_pattern_ops);


--
-- TOC entry 3474 (class 1259 OID 101711)
-- Name: django_admin_log_content_type_id_c4bce8eb; Type: INDEX; Schema: siscond; Owner: -
--

CREATE INDEX django_admin_log_content_type_id_c4bce8eb ON siscond.django_admin_log USING btree (content_type_id);


--
-- TOC entry 3477 (class 1259 OID 101712)
-- Name: django_admin_log_user_id_c564eba6; Type: INDEX; Schema: siscond; Owner: -
--

CREATE INDEX django_admin_log_user_id_c564eba6 ON siscond.django_admin_log USING btree (user_id);


--
-- TOC entry 3478 (class 1259 OID 101729)
-- Name: django_session_expire_date_a5c62663; Type: INDEX; Schema: siscond; Owner: -
--

CREATE INDEX django_session_expire_date_a5c62663 ON siscond.django_session USING btree (expire_date);


--
-- TOC entry 3481 (class 1259 OID 101728)
-- Name: django_session_session_key_c0390e0f_like; Type: INDEX; Schema: siscond; Owner: -
--

CREATE INDEX django_session_session_key_c0390e0f_like ON siscond.django_session USING btree (session_key varchar_pattern_ops);


--
-- TOC entry 3499 (class 1259 OID 101825)
-- Name: siscon_archivopdf_documentacion_id_23b6bf98; Type: INDEX; Schema: siscond; Owner: -
--

CREATE INDEX siscon_archivopdf_documentacion_id_23b6bf98 ON siscond.siscon_archivopdf USING btree (documentacion_id);


--
-- TOC entry 3495 (class 1259 OID 101817)
-- Name: siscon_documentacion_legajo_id_cd8dde30; Type: INDEX; Schema: siscond; Owner: -
--

CREATE INDEX siscon_documentacion_legajo_id_cd8dde30 ON siscond.siscon_documentacion USING btree (legajo_id);


--
-- TOC entry 3496 (class 1259 OID 101818)
-- Name: siscon_documentacion_persona_id_39573d29; Type: INDEX; Schema: siscond; Owner: -
--

CREATE INDEX siscon_documentacion_persona_id_39573d29 ON siscond.siscon_documentacion USING btree (persona_id);


--
-- TOC entry 3504 (class 1259 OID 101846)
-- Name: siscon_documentacion_tipodoc_documentacion_id_5d9647a2; Type: INDEX; Schema: siscond; Owner: -
--

CREATE INDEX siscon_documentacion_tipodoc_documentacion_id_5d9647a2 ON siscond.siscon_documentacion_tipodoc USING btree (documentacion_id);


--
-- TOC entry 3507 (class 1259 OID 101847)
-- Name: siscon_documentacion_tipodoc_tipodoc_id_df1d9eb5; Type: INDEX; Schema: siscond; Owner: -
--

CREATE INDEX siscon_documentacion_tipodoc_tipodoc_id_df1d9eb5 ON siscond.siscon_documentacion_tipodoc USING btree (tipodoc_id);


--
-- TOC entry 3484 (class 1259 OID 101765)
-- Name: siscon_inscripcion_convocatoria_id_5c9e1fa5; Type: INDEX; Schema: siscond; Owner: -
--

CREATE INDEX siscon_inscripcion_convocatoria_id_5c9e1fa5 ON siscond.siscon_inscripcion USING btree (convocatoria_id);


--
-- TOC entry 3485 (class 1259 OID 101749)
-- Name: siscon_inscripcion_persona_id_d4992f23; Type: INDEX; Schema: siscond; Owner: -
--

CREATE INDEX siscon_inscripcion_persona_id_d4992f23 ON siscond.siscon_inscripcion USING btree (persona_id);


--
-- TOC entry 3492 (class 1259 OID 101801)
-- Name: siscon_legajo_persona_id_e494d1cd; Type: INDEX; Schema: siscond; Owner: -
--

CREATE INDEX siscon_legajo_persona_id_e494d1cd ON siscond.siscon_legajo USING btree (persona_id);


--
-- TOC entry 3510 (class 2606 OID 101656)
-- Name: auth_group_permissions auth_group_permissio_permission_id_84c5c92e_fk_auth_perm; Type: FK CONSTRAINT; Schema: siscond; Owner: -
--

ALTER TABLE ONLY siscond.auth_group_permissions
    ADD CONSTRAINT auth_group_permissio_permission_id_84c5c92e_fk_auth_perm FOREIGN KEY (permission_id) REFERENCES siscond.auth_permission(id) DEFERRABLE INITIALLY DEFERRED;


--
-- TOC entry 3509 (class 2606 OID 101651)
-- Name: auth_group_permissions auth_group_permissions_group_id_b120cbf9_fk_auth_group_id; Type: FK CONSTRAINT; Schema: siscond; Owner: -
--

ALTER TABLE ONLY siscond.auth_group_permissions
    ADD CONSTRAINT auth_group_permissions_group_id_b120cbf9_fk_auth_group_id FOREIGN KEY (group_id) REFERENCES siscond.auth_group(id) DEFERRABLE INITIALLY DEFERRED;


--
-- TOC entry 3508 (class 2606 OID 101642)
-- Name: auth_permission auth_permission_content_type_id_2f476e4b_fk_django_co; Type: FK CONSTRAINT; Schema: siscond; Owner: -
--

ALTER TABLE ONLY siscond.auth_permission
    ADD CONSTRAINT auth_permission_content_type_id_2f476e4b_fk_django_co FOREIGN KEY (content_type_id) REFERENCES siscond.django_content_type(id) DEFERRABLE INITIALLY DEFERRED;


--
-- TOC entry 3512 (class 2606 OID 101671)
-- Name: auth_user_groups auth_user_groups_group_id_97559544_fk_auth_group_id; Type: FK CONSTRAINT; Schema: siscond; Owner: -
--

ALTER TABLE ONLY siscond.auth_user_groups
    ADD CONSTRAINT auth_user_groups_group_id_97559544_fk_auth_group_id FOREIGN KEY (group_id) REFERENCES siscond.auth_group(id) DEFERRABLE INITIALLY DEFERRED;


--
-- TOC entry 3511 (class 2606 OID 101666)
-- Name: auth_user_groups auth_user_groups_user_id_6a12ed8b_fk_auth_user_id; Type: FK CONSTRAINT; Schema: siscond; Owner: -
--

ALTER TABLE ONLY siscond.auth_user_groups
    ADD CONSTRAINT auth_user_groups_user_id_6a12ed8b_fk_auth_user_id FOREIGN KEY (user_id) REFERENCES siscond.auth_user(id) DEFERRABLE INITIALLY DEFERRED;


--
-- TOC entry 3514 (class 2606 OID 101685)
-- Name: auth_user_user_permissions auth_user_user_permi_permission_id_1fbb5f2c_fk_auth_perm; Type: FK CONSTRAINT; Schema: siscond; Owner: -
--

ALTER TABLE ONLY siscond.auth_user_user_permissions
    ADD CONSTRAINT auth_user_user_permi_permission_id_1fbb5f2c_fk_auth_perm FOREIGN KEY (permission_id) REFERENCES siscond.auth_permission(id) DEFERRABLE INITIALLY DEFERRED;


--
-- TOC entry 3513 (class 2606 OID 101680)
-- Name: auth_user_user_permissions auth_user_user_permissions_user_id_a95ead1b_fk_auth_user_id; Type: FK CONSTRAINT; Schema: siscond; Owner: -
--

ALTER TABLE ONLY siscond.auth_user_user_permissions
    ADD CONSTRAINT auth_user_user_permissions_user_id_a95ead1b_fk_auth_user_id FOREIGN KEY (user_id) REFERENCES siscond.auth_user(id) DEFERRABLE INITIALLY DEFERRED;


--
-- TOC entry 3515 (class 2606 OID 101701)
-- Name: django_admin_log django_admin_log_content_type_id_c4bce8eb_fk_django_co; Type: FK CONSTRAINT; Schema: siscond; Owner: -
--

ALTER TABLE ONLY siscond.django_admin_log
    ADD CONSTRAINT django_admin_log_content_type_id_c4bce8eb_fk_django_co FOREIGN KEY (content_type_id) REFERENCES siscond.django_content_type(id) DEFERRABLE INITIALLY DEFERRED;


--
-- TOC entry 3516 (class 2606 OID 101706)
-- Name: django_admin_log django_admin_log_user_id_c564eba6_fk_auth_user_id; Type: FK CONSTRAINT; Schema: siscond; Owner: -
--

ALTER TABLE ONLY siscond.django_admin_log
    ADD CONSTRAINT django_admin_log_user_id_c564eba6_fk_auth_user_id FOREIGN KEY (user_id) REFERENCES siscond.auth_user(id) DEFERRABLE INITIALLY DEFERRED;


--
-- TOC entry 3522 (class 2606 OID 101820)
-- Name: siscon_archivopdf siscon_archivopdf_documentacion_id_23b6bf98_fk_siscon_do; Type: FK CONSTRAINT; Schema: siscond; Owner: -
--

ALTER TABLE ONLY siscond.siscon_archivopdf
    ADD CONSTRAINT siscon_archivopdf_documentacion_id_23b6bf98_fk_siscon_do FOREIGN KEY (documentacion_id) REFERENCES siscond.siscon_documentacion(id) DEFERRABLE INITIALLY DEFERRED;


--
-- TOC entry 3523 (class 2606 OID 101836)
-- Name: siscon_documentacion_tipodoc siscon_documentacion_documentacion_id_5d9647a2_fk_siscon_do; Type: FK CONSTRAINT; Schema: siscond; Owner: -
--

ALTER TABLE ONLY siscond.siscon_documentacion_tipodoc
    ADD CONSTRAINT siscon_documentacion_documentacion_id_5d9647a2_fk_siscon_do FOREIGN KEY (documentacion_id) REFERENCES siscond.siscon_documentacion(id) DEFERRABLE INITIALLY DEFERRED;


--
-- TOC entry 3520 (class 2606 OID 101802)
-- Name: siscon_documentacion siscon_documentacion_legajo_id_cd8dde30_fk_siscon_legajo_id; Type: FK CONSTRAINT; Schema: siscond; Owner: -
--

ALTER TABLE ONLY siscond.siscon_documentacion
    ADD CONSTRAINT siscon_documentacion_legajo_id_cd8dde30_fk_siscon_legajo_id FOREIGN KEY (legajo_id) REFERENCES siscond.siscon_legajo(id) DEFERRABLE INITIALLY DEFERRED;


--
-- TOC entry 3521 (class 2606 OID 101807)
-- Name: siscon_documentacion siscon_documentacion_persona_id_39573d29_fk_siscon_persona_id; Type: FK CONSTRAINT; Schema: siscond; Owner: -
--

ALTER TABLE ONLY siscond.siscon_documentacion
    ADD CONSTRAINT siscon_documentacion_persona_id_39573d29_fk_siscon_persona_id FOREIGN KEY (persona_id) REFERENCES siscond.siscon_persona(id) DEFERRABLE INITIALLY DEFERRED;


--
-- TOC entry 3524 (class 2606 OID 101841)
-- Name: siscon_documentacion_tipodoc siscon_documentacion_tipodoc_id_df1d9eb5_fk_siscon_ti; Type: FK CONSTRAINT; Schema: siscond; Owner: -
--

ALTER TABLE ONLY siscond.siscon_documentacion_tipodoc
    ADD CONSTRAINT siscon_documentacion_tipodoc_id_df1d9eb5_fk_siscon_ti FOREIGN KEY (tipodoc_id) REFERENCES siscond.siscon_tipodoc(id) DEFERRABLE INITIALLY DEFERRED;


--
-- TOC entry 3517 (class 2606 OID 101760)
-- Name: siscon_inscripcion siscon_inscripcion_convocatoria_id_5c9e1fa5_fk_siscon_co; Type: FK CONSTRAINT; Schema: siscond; Owner: -
--

ALTER TABLE ONLY siscond.siscon_inscripcion
    ADD CONSTRAINT siscon_inscripcion_convocatoria_id_5c9e1fa5_fk_siscon_co FOREIGN KEY (convocatoria_id) REFERENCES siscond.siscon_convocatoria(id) DEFERRABLE INITIALLY DEFERRED;


--
-- TOC entry 3518 (class 2606 OID 101773)
-- Name: siscon_inscripcion siscon_inscripcion_persona_id_d4992f23_fk_siscon_persona_id; Type: FK CONSTRAINT; Schema: siscond; Owner: -
--

ALTER TABLE ONLY siscond.siscon_inscripcion
    ADD CONSTRAINT siscon_inscripcion_persona_id_d4992f23_fk_siscon_persona_id FOREIGN KEY (persona_id) REFERENCES siscond.siscon_persona(id) DEFERRABLE INITIALLY DEFERRED;


--
-- TOC entry 3519 (class 2606 OID 101796)
-- Name: siscon_legajo siscon_legajo_persona_id_e494d1cd_fk_siscon_persona_id; Type: FK CONSTRAINT; Schema: siscond; Owner: -
--

ALTER TABLE ONLY siscond.siscon_legajo
    ADD CONSTRAINT siscon_legajo_persona_id_e494d1cd_fk_siscon_persona_id FOREIGN KEY (persona_id) REFERENCES siscond.siscon_persona(id) DEFERRABLE INITIALLY DEFERRED;


-- Completed on 2023-06-21 12:53:31

--
-- PostgreSQL database dump complete
--

